ticker,base,quote,exchange,price,ask,bid,spread,volume
eth-BTC,eth,BTC,binance,0.030365,0.030366,0.030365,1.000000000001e-06,241285.888
ltc-BTC,ltc,BTC,binance,0.004089,0.004091,0.004088,3.000000000000398e-06,328933.94
bnb-BTC,bnb,BTC,binance,0.0016499,0.0016504,0.0016497,6.999999999999628e-07,558786.31
neo-BTC,neo,BTC,binance,0.000985,0.000987,0.000985,2.0000000000000486e-06,173724.16
qtum-eth,qtum,eth,binance,0.00501,0.005012,0.004973,3.899999999999997e-05,16530.32
eos-eth,eos,eth,binance,0.00552,0.005517,0.005512,4.999999999999796e-06,881616.3
snt-eth,snt,eth,binance,7.857e-05,7.941e-05,7.857e-05,8.399999999999987e-07,2546302.0
bnt-eth,bnt,eth,binance,0.001832,0.001832,0.00182,1.2000000000000075e-05,22403.55
bcc-BTC,bcc,BTC,binance,0.079081,0.0,0.0,0.0,0.026
gas-BTC,gas,BTC,binance,8.95e-05,8.95e-05,8.91e-05,3.9999999999999617e-07,446777.61
bnb-eth,bnb,eth,binance,0.054297,0.054313,0.054259,5.3999999999998494e-05,53992.91
btc-usd,btc,usd,binance,17686.02,17685.96,17685.95,0.00999999999839929,64543.078377
eth-usd,eth,usd,binance,537.01,537.01,537.0,0.009999999999990905,895498.06571
hsr-BTC,hsr,BTC,binance,0.000414,0.0,0.0,0.0,2.92
oax-eth,oax,eth,binance,0.0001778,0.0,0.0,0.0,16.0
dnt-eth,dnt,eth,binance,2.801e-05,0.0,0.0,0.0,124.0
mco-eth,mco,eth,binance,0.005772,0.0,0.0,0.0,130410.55
icn-eth,icn,eth,binance,0.001663,0.0,0.0,0.0,1.0
mco-BTC,mco,BTC,binance,0.0002114,0.0,0.0,0.0,1.65
wtc-BTC,wtc,BTC,binance,2.06e-05,2.07e-05,2.05e-05,1.9999999999999809e-07,818445.3
wtc-eth,wtc,eth,binance,0.000677,0.00068,0.000674,6.000000000000037e-06,49468.67
lrc-BTC,lrc,BTC,binance,1.077e-05,1.077e-05,1.074e-05,2.999999999999971e-08,4408865.0
lrc-eth,lrc,eth,binance,0.00035549,0.00035548,0.00035306,2.4199999999999938e-06,555541.0
qtum-BTC,qtum,BTC,binance,0.0001517,0.0001517,0.0001516,1.0000000000000243e-07,413279.03
yoyo-BTC,yoyo,BTC,binance,4.9e-07,5e-07,4.9e-07,1.000000000000001e-08,4859688.0
omg-BTC,omg,BTC,binance,0.0002115,0.0002119,0.0002116,3.000000000000073e-07,745074.62
omg-eth,omg,eth,binance,0.006974,0.00699,0.006965,2.499999999999985e-05,42383.43
zrx-BTC,zrx,BTC,binance,2.337e-05,2.336e-05,2.333e-05,3.000000000000141e-08,2398861.0
zrx-eth,zrx,eth,binance,0.00077537,0.00077204,0.00076814,3.900000000000041e-06,174106.0
strat-BTC,strat,BTC,binance,3.085e-05,0.0,0.0,0.0,2064727.0
strat-eth,strat,eth,binance,0.001053,0.0,0.0,0.0,177384.34
sngls-BTC,sngls,BTC,binance,3.5e-07,3.6e-07,3.5e-07,1.000000000000001e-08,25120693.0
sngls-eth,sngls,eth,binance,5.306e-05,0.0,0.0,0.0,207.0
bqx-BTC,bqx,BTC,binance,9.06e-06,9.07e-06,9.02e-06,4.999999999999952e-08,1441336.0
bqx-eth,bqx,eth,binance,0.0002983,0.0002984,0.0002964,1.9999999999999944e-06,106655.0
knc-BTC,knc,BTC,binance,5.737e-05,5.737e-05,5.732e-05,5.0000000000001215e-08,1457201.0
knc-eth,knc,eth,binance,0.001894,0.001894,0.0018834,1.060000000000015e-05,152493.0
fun-BTC,fun,BTC,binance,2.3e-07,2.3e-07,2.2e-07,9.999999999999984e-09,11518233.0
fun-eth,fun,eth,binance,7.47e-06,7.48e-06,7.41e-06,7.000000000000018e-08,9395781.0
snm-BTC,snm,BTC,binance,6e-07,6e-07,5.9e-07,1.000000000000001e-08,19103156.0
snm-eth,snm,eth,binance,4.986e-05,0.0,0.0,0.0,585.0
neo-eth,neo,eth,binance,0.032629,0.032512,0.032417,9.499999999999786e-05,11233.62
iota-BTC,iota,BTC,binance,1.903e-05,1.901e-05,1.9e-05,9.99999999999821e-09,5751188.0
iota-eth,iota,eth,binance,0.00062721,0.00062729,0.00062357,3.719999999999917e-06,765157.0
link-BTC,link,BTC,binance,0.00074053,0.00074059,0.00073995,6.399999999999939e-07,1267247.6
link-eth,link,eth,binance,0.024344,0.024391,0.024355,3.599999999999784e-05,105412.87
xvg-BTC,xvg,BTC,binance,3.9e-07,4e-07,3.9e-07,9.999999999999957e-09,510431356.0
xvg-eth,xvg,eth,binance,1.309e-05,1.32e-05,1.309e-05,1.1000000000000064e-07,66244263.0
salt-BTC,salt,BTC,binance,4.25e-05,0.0,0.0,0.0,227.59
salt-eth,salt,eth,binance,0.001138,0.0,0.0,0.0,8.8
mda-BTC,mda,BTC,binance,2.875e-05,2.893e-05,2.875e-05,1.7999999999999828e-07,489051.0
mda-eth,mda,eth,binance,0.0018115,0.0,0.0,0.0,2.0
mtl-BTC,mtl,BTC,binance,1.935e-05,1.937e-05,1.933e-05,3.999999999999962e-08,911103.0
mtl-eth,mtl,eth,binance,0.000637,0.00064,0.000634,6.000000000000037e-06,78916.86
sub-BTC,sub,BTC,binance,4.57e-06,0.0,0.0,0.0,4474.0
sub-eth,sub,eth,binance,0.00012334,0.0,0.0,0.0,1000.0
eos-BTC,eos,BTC,binance,0.0001674,0.0001675,0.0001674,1.0000000000000243e-07,2871218.32
snt-BTC,snt,BTC,binance,2.39e-06,2.4e-06,2.39e-06,9.999999999999904e-09,26694548.0
etc-eth,etc,eth,binance,0.011701,0.011729,0.011681,4.799999999999943e-05,15465.44
etc-BTC,etc,BTC,binance,0.0003551,0.0003554,0.0003552,2.0000000000000486e-07,317711.95
mth-BTC,mth,BTC,binance,4.4e-07,4.4e-07,4.3e-07,1.000000000000001e-08,8644300.0
mth-eth,mth,eth,binance,4.135e-05,0.0,0.0,0.0,2839.0
eng-BTC,eng,BTC,binance,6.2e-05,0.0,0.0,0.0,355.0
eng-eth,eng,eth,binance,0.0018648,0.0,0.0,0.0,2.0
dnt-BTC,dnt,BTC,binance,2.86e-06,2.85e-06,2.84e-06,9.999999999999904e-09,9983220.0
zec-BTC,zec,BTC,binance,0.004224,0.004227,0.004221,5.999999999999929e-06,63220.599
zec-eth,zec,eth,binance,0.13907,0.13907,0.13889,0.00017999999999998573,5417.112
bnt-BTC,bnt,BTC,binance,5.535e-05,5.564e-05,5.536e-05,2.800000000000041e-07,187275.0
ast-BTC,ast,BTC,binance,5.08e-06,5.09e-06,5.08e-06,1.0000000000000751e-08,6758228.0
ast-eth,ast,eth,binance,6.96e-05,0.0,0.0,0.0,45.0
dash-BTC,dash,BTC,binance,0.00614,0.006148,0.00614,8.000000000000194e-06,59698.746
dash-eth,dash,eth,binance,0.20184,0.20256,0.20188,0.0006799999999999862,4126.596
oax-BTC,oax,BTC,binance,3.93e-06,3.94e-06,3.93e-06,1.0000000000000751e-08,2166637.0
icn-BTC,icn,BTC,binance,5.742e-05,0.0,0.0,0.0,3.0
btg-BTC,btg,BTC,binance,0.000509,0.00051,0.000509,1.0000000000000243e-06,24409.0
btg-eth,btg,eth,binance,0.052745,0.0,0.0,0.0,13.32
evx-BTC,evx,BTC,binance,1.562e-05,1.564e-05,1.553e-05,1.1000000000000064e-07,386834.0
evx-eth,evx,eth,binance,0.0006249,0.0,0.0,0.0,18190.0
req-BTC,req,BTC,binance,1.39e-06,1.4e-06,1.39e-06,9.999999999999904e-09,15926270.0
req-eth,req,eth,binance,4.995e-05,0.0,0.0,0.0,548.0
vib-BTC,vib,BTC,binance,8.9e-07,8.9e-07,8.8e-07,9.999999999999904e-09,26259378.0
vib-eth,vib,eth,binance,2.92e-05,2.919e-05,2.89e-05,2.899999999999989e-07,6983285.0
hsr-eth,hsr,eth,binance,0.012474,0.0,0.0,0.0,0.37
trx-BTC,trx,BTC,binance,1.72e-06,1.72e-06,1.71e-06,1.0000000000000116e-08,235895651.0
trx-eth,trx,eth,binance,5.654e-05,5.656e-05,5.652e-05,3.999999999999962e-08,31429096.0
powr-BTC,powr,BTC,binance,5.72e-06,5.72e-06,5.71e-06,9.999999999999904e-09,2065740.0
powr-eth,powr,eth,binance,0.00018734,0.00018854,0.00018699,1.5500000000000106e-06,354707.0
ark-BTC,ark,BTC,binance,2.271e-05,2.284e-05,2.271e-05,1.3000000000000045e-07,735532.0
ark-eth,ark,eth,binance,0.001046,0.0,0.0,0.0,25.11
yoyo-eth,yoyo,eth,binance,5.828e-05,0.0,0.0,0.0,2100.0
xrp-BTC,xrp,BTC,binance,3.508e-05,3.509e-05,3.507e-05,1.999999999999642e-08,288550827.0
xrp-eth,xrp,eth,binance,0.0011564,0.00115631,0.00115459,1.7199999999999768e-06,12950868.0
mod-BTC,mod,BTC,binance,4.28e-05,0.0,0.0,0.0,127.72
mod-eth,mod,eth,binance,0.001167,0.0,0.0,0.0,10.0
enj-BTC,enj,BTC,binance,8.16e-06,8.16e-06,8.15e-06,9.999999999999904e-09,9551568.0
enj-eth,enj,eth,binance,0.00026906,0.00026894,0.00026841,5.299999999999966e-07,2024269.0
storj-BTC,storj,BTC,binance,1.925e-05,1.925e-05,1.918e-05,7.000000000000102e-08,604856.0
storj-eth,storj,eth,binance,0.000636,0.0006357,0.0006307,5.000000000000013e-06,56493.0
bnb-usd,bnb,usd,binance,29.175,29.1822,29.1757,0.006500000000002615,2635178.847
ven-BTC,ven,BTC,binance,0.00013928,0.0,0.0,0.0,23.0
ven-eth,ven,eth,binance,0.00325194,0.0,0.0,0.0,161.0
kmd-BTC,kmd,BTC,binance,3.3e-05,3.31e-05,3.3e-05,9.999999999999565e-08,1584666.01
kmd-eth,kmd,eth,binance,0.001091,0.001091,0.001086,5.000000000000013e-06,189264.35
rcn-BTC,rcn,BTC,binance,2.3e-06,2.32e-06,2.3e-06,1.999999999999981e-08,2930548.0
rcn-eth,rcn,eth,binance,0.00037604,0.0,0.0,0.0,8.0
nuls-BTC,nuls,BTC,binance,1.466e-05,1.47e-05,1.466e-05,3.999999999999962e-08,511971.0
nuls-eth,nuls,eth,binance,0.00051926,0.0,0.0,0.0,76339.0
rdn-BTC,rdn,BTC,binance,1.16e-05,1.16e-05,1.15e-05,1.0000000000000074e-07,642644.0
rdn-eth,rdn,eth,binance,0.0007153,0.0,0.0,0.0,15.0
xmr-BTC,xmr,BTC,binance,0.006824,0.006824,0.006822,2.0000000000002655e-06,71934.712
xmr-eth,xmr,eth,binance,0.22493,0.22493,0.22442,0.0005099999999999827,3757.506
dlt-BTC,dlt,BTC,binance,1.86e-06,1.87e-06,1.86e-06,1.0000000000000116e-08,1552438.0
dlt-eth,dlt,eth,binance,0.00016807,0.0,0.0,0.0,17.0
amb-BTC,amb,BTC,binance,8.3e-07,8.4e-07,8.3e-07,1.000000000000001e-08,10458359.0
amb-eth,amb,eth,binance,4.1e-05,0.0,0.0,0.0,8814.0
bcc-eth,bcc,eth,binance,2.47246,0.0,0.0,0.0,0.1
bcc-usd,bcc,usd,binance,448.7,0.0,0.0,0.0,0.43775
bat-BTC,bat,BTC,binance,1.292e-05,1.295e-05,1.292e-05,2.999999999999971e-08,4221910.0
bat-eth,bat,eth,binance,0.00042666,0.0004267,0.00042482,1.8800000000000023e-06,209775.0
bcpt-BTC,bcpt,BTC,binance,1.07e-06,1.07e-06,1.05e-06,2.000000000000002e-08,4179206.0
bcpt-eth,bcpt,eth,binance,8.181e-05,0.0,0.0,0.0,356.0
arn-BTC,arn,BTC,binance,7.61e-06,0.0,0.0,0.0,59.0
arn-eth,arn,eth,binance,0.00029362,0.0,0.0,0.0,80.0
gvt-BTC,gvt,BTC,binance,7.57e-05,7.59e-05,7.56e-05,3.000000000000073e-07,59030.29
gvt-eth,gvt,eth,binance,0.003846,0.0,0.0,0.0,3.1
cdt-BTC,cdt,BTC,binance,3.6e-07,3.6e-07,3.5e-07,1.000000000000001e-08,14614439.0
cdt-eth,cdt,eth,binance,1.184e-05,1.192e-05,1.185e-05,6.999999999999933e-08,2635231.0
gxs-BTC,gxs,BTC,binance,2.179e-05,2.189e-05,2.18e-05,8.999999999999744e-08,604154.0
gxs-eth,gxs,eth,binance,0.00072,0.000721,0.000716,5.000000000000013e-06,36704.41
neo-usd,neo,usd,binance,17.426,17.441,17.425,0.015999999999998238,814527.037
poe-BTC,poe,BTC,binance,5e-08,0.0,0.0,0.0,120119775.0
poe-eth,poe,eth,binance,6.64e-06,0.0,0.0,0.0,7616.0
qsp-BTC,qsp,BTC,binance,1.53e-06,1.53e-06,1.51e-06,2.000000000000002e-08,4471421.0
qsp-eth,qsp,eth,binance,5e-05,5.045e-05,5e-05,4.499999999999974e-07,4651460.0
bts-BTC,bts,BTC,binance,1.33e-06,1.34e-06,1.33e-06,1.0000000000000116e-08,4376033.0
bts-eth,bts,eth,binance,9.498e-05,0.0,0.0,0.0,4056.0
xzc-BTC,xzc,BTC,binance,0.0002473,0.0002477,0.0002469,8.000000000000194e-07,470135.45
xzc-eth,xzc,eth,binance,0.008144,0.00817,0.008103,6.699999999999935e-05,19227.56
lsk-BTC,lsk,BTC,binance,7.18e-05,7.21e-05,7.18e-05,3.000000000000073e-07,453861.37
lsk-eth,lsk,eth,binance,0.002374,0.002377,0.00236,1.7000000000000088e-05,71179.4
tnt-BTC,tnt,BTC,binance,2.61e-06,0.0,0.0,0.0,103.0
tnt-eth,tnt,eth,binance,9.2e-06,0.0,0.0,0.0,11164459.0
fuel-BTC,fuel,BTC,binance,2.6e-07,0.0,0.0,0.0,445.0
fuel-eth,fuel,eth,binance,2.221e-05,0.0,0.0,0.0,135.0
mana-BTC,mana,BTC,binance,4.7e-06,4.7e-06,4.68e-06,1.999999999999981e-08,4636187.0
mana-eth,mana,eth,binance,0.00015424,0.00015512,0.00015388,1.2399999999999814e-06,482453.0
bcd-BTC,bcd,BTC,binance,3.034e-05,3.055e-05,3.032e-05,2.299999999999961e-07,259818.0
bcd-eth,bcd,eth,binance,0.00251,0.0,0.0,0.0,13.451
dgd-BTC,dgd,BTC,binance,0.003931,0.0,0.0,0.0,0.58
dgd-eth,dgd,eth,binance,0.1926,0.0,0.0,0.0,10.36
adx-BTC,adx,BTC,binance,1.597e-05,1.598e-05,1.594e-05,3.999999999999962e-08,1438373.0
adx-eth,adx,eth,binance,0.0005291,0.0005284,0.0005248,3.6000000000000875e-06,259555.0
ada-BTC,ada,BTC,binance,9.21e-06,9.21e-06,9.2e-06,9.999999999999904e-09,279803155.0
ada-eth,ada,eth,binance,0.00030278,0.00030338,0.00030288,5.000000000000122e-07,19324181.0
ppt-BTC,ppt,BTC,binance,1.474e-05,1.474e-05,1.462e-05,1.1999999999999885e-07,1132841.0
ppt-eth,ppt,eth,binance,0.00141,0.0,0.0,0.0,256.0
cmt-BTC,cmt,BTC,binance,5e-07,5.1e-07,4.9e-07,2.000000000000002e-08,6479945.0
cmt-eth,cmt,eth,binance,1.647e-05,1.663e-05,1.64e-05,2.299999999999995e-07,1160588.0
xlm-BTC,xlm,BTC,binance,1.107e-05,1.109e-05,1.108e-05,9.999999999999904e-09,281042938.0
xlm-eth,xlm,eth,binance,0.00036497,0.00036546,0.00036487,5.900000000000198e-07,14771593.0
cnd-BTC,cnd,BTC,binance,4.8e-07,4.9e-07,4.8e-07,1.000000000000001e-08,7483453.0
cnd-eth,cnd,eth,binance,2.599e-05,0.0,0.0,0.0,25336.0
lend-BTC,lend,BTC,binance,4.512e-05,0.0,0.0,0.0,465.0
lend-eth,lend,eth,binance,0.00137174,0.0,0.0,0.0,11.0
wabi-BTC,wabi,BTC,binance,4.9e-06,4.91e-06,4.9e-06,9.999999999999904e-09,1856985.0
wabi-eth,wabi,eth,binance,0.00040308,0.0,0.0,0.0,37.0
ltc-eth,ltc,eth,binance,0.13472,0.13473,0.13464,8.999999999997899e-05,17261.996
ltc-usd,ltc,usd,binance,72.33,72.35,72.34,0.009999999999990905,1488253.5595
tnb-BTC,tnb,BTC,binance,1.4e-07,1.4e-07,1.3e-07,1.000000000000001e-08,18764114.0
tnb-eth,tnb,eth,binance,7.52e-06,0.0,0.0,0.0,5000.0
waves-BTC,waves,BTC,binance,0.00037,0.00037,0.0003699,1.0000000000000243e-07,424054.0
waves-eth,waves,eth,binance,0.012217,0.012199,0.012167,3.199999999999904e-05,31502.42
gto-BTC,gto,BTC,binance,3.9e-07,4e-07,3.9e-07,9.999999999999957e-09,12463839.0
gto-eth,gto,eth,binance,3.197e-05,0.0,0.0,0.0,109.0
icx-BTC,icx,BTC,binance,2.291e-05,2.29e-05,2.285e-05,5.0000000000001215e-08,1677868.0
icx-eth,icx,eth,binance,0.000753,0.000755,0.000752,3.000000000000073e-06,176219.06
ost-BTC,ost,BTC,binance,5.3e-07,5.5e-07,5.3e-07,2.000000000000002e-08,8371545.0
ost-eth,ost,eth,binance,1.784e-05,1.791e-05,1.777e-05,1.3999999999999866e-07,2642957.0
elf-BTC,elf,BTC,binance,5.91e-06,5.93e-06,5.91e-06,1.999999999999981e-08,3487811.0
elf-eth,elf,eth,binance,0.00019403,0.00019549,0.00019395,1.5399999999999886e-06,938042.0
aion-BTC,aion,BTC,binance,4.25e-06,4.26e-06,4.24e-06,1.999999999999981e-08,4639908.0
aion-eth,aion,eth,binance,0.00014,0.00014,0.000139,9.999999999999972e-07,408953.61
nebl-BTC,nebl,BTC,binance,2.247e-05,2.247e-05,2.231e-05,1.5999999999999847e-07,409041.0
nebl-eth,nebl,eth,binance,0.000736,0.000738,0.000732,6.000000000000037e-06,42678.44
brd-BTC,brd,BTC,binance,4.17e-06,4.16e-06,4.15e-06,9.999999999999904e-09,1761286.0
brd-eth,brd,eth,binance,0.0001379,0.0001383,0.0001365,1.7999999999999895e-06,206501.0
edo-BTC,edo,BTC,binance,5.609e-05,0.0,0.0,0.0,2.0
edo-eth,edo,eth,binance,0.002266,0.0,0.0,0.0,90.0
wings-BTC,wings,BTC,binance,1.193e-05,0.0,0.0,0.0,464.0
wings-eth,wings,eth,binance,0.0003346,0.0,0.0,0.0,42.0
nav-BTC,nav,BTC,binance,6.23e-06,6.23e-06,6.2e-06,2.999999999999971e-08,821766.0
nav-eth,nav,eth,binance,0.000487,0.0,0.0,0.0,604.0
lun-BTC,lun,BTC,binance,8.51e-05,0.0,0.0,0.0,447.71
lun-eth,lun,eth,binance,0.004891,0.0,0.0,0.0,0.73
trig-BTC,trig,BTC,binance,1.98e-05,0.0,0.0,0.0,103.62
trig-eth,trig,eth,binance,0.000594,0.0,0.0,0.0,17.14
appc-BTC,appc,BTC,binance,1.35e-06,1.35e-06,1.34e-06,9.999999999999904e-09,6912657.0
appc-eth,appc,eth,binance,0.000146,0.0,0.0,0.0,1483.0
vibe-BTC,vibe,BTC,binance,9.2e-07,9.2e-07,9.1e-07,1.000000000000001e-08,4829416.0
vibe-eth,vibe,eth,binance,5.72e-05,0.0,0.0,0.0,175.0
rlc-BTC,rlc,BTC,binance,5.557e-05,5.557e-05,5.54e-05,1.7000000000000007e-07,496018.0
rlc-eth,rlc,eth,binance,0.001823,0.001835,0.001824,1.0999999999999942e-05,28745.19
ins-BTC,ins,BTC,binance,6.18e-06,0.0,0.0,0.0,6422.0
ins-eth,ins,eth,binance,0.000501,0.0,0.0,0.0,25.0
pivx-BTC,pivx,BTC,binance,2.254e-05,2.263e-05,2.25e-05,1.2999999999999706e-07,828749.0
pivx-eth,pivx,eth,binance,0.000739,0.000745,0.000739,6.000000000000037e-06,122512.03
iost-BTC,iost,BTC,binance,3.4e-07,3.4e-07,3.3e-07,9.999999999999957e-09,226929762.0
iost-eth,iost,eth,binance,1.094e-05,1.094e-05,1.09e-05,3.999999999999962e-08,13445990.0
chat-BTC,chat,BTC,binance,1.95e-06,0.0,0.0,0.0,219.0
chat-eth,chat,eth,binance,6.585e-05,0.0,0.0,0.0,152.0
steem-BTC,steem,BTC,binance,9.85e-06,9.87e-06,9.83e-06,3.999999999999962e-08,858132.0
steem-eth,steem,eth,binance,0.000324,0.000325,0.000322,2.9999999999999645e-06,470491.07
nano-BTC,nano,BTC,binance,6.55e-05,6.55e-05,6.53e-05,2.0000000000000486e-07,1197135.25
nano-eth,nano,eth,binance,0.002156,0.002159,0.002153,5.999999999999929e-06,82600.3
via-BTC,via,BTC,binance,1.183e-05,1.184e-05,1.183e-05,9.999999999999904e-09,203855.0
via-eth,via,eth,binance,0.000856,0.0,0.0,0.0,23.0
blz-BTC,blz,BTC,binance,4.13e-06,4.12e-06,4.11e-06,1.0000000000000751e-08,6911053.0
blz-eth,blz,eth,binance,0.0001354,0.00013573,0.00013541,3.1999999999999694e-07,562585.0
ae-BTC,ae,BTC,binance,7.59e-06,7.6e-06,7.57e-06,2.999999999999971e-08,3595168.0
ae-eth,ae,eth,binance,0.000219,0.0,0.0,0.0,225055.05
rpx-BTC,rpx,BTC,binance,2.24e-06,0.0,0.0,0.0,8190.0
rpx-eth,rpx,eth,binance,5.449e-05,0.0,0.0,0.0,332.0
ncash-BTC,ncash,BTC,binance,5e-08,0.0,0.0,0.0,500.0
ncash-eth,ncash,eth,binance,9e-07,9.1e-07,9e-07,1.000000000000001e-08,101808954.0
poa-BTC,poa,BTC,binance,1.14e-06,1.14e-06,1.13e-06,1.0000000000000116e-08,7133170.0
poa-eth,poa,eth,binance,4.891e-05,0.0,0.0,0.0,774.0
zil-BTC,zil,BTC,binance,1.51e-06,1.51e-06,1.5e-06,9.999999999999904e-09,177370622.0
zil-eth,zil,eth,binance,4.969e-05,4.975e-05,4.958e-05,1.7000000000000007e-07,9691202.0
ont-BTC,ont,BTC,binance,3.17e-05,3.17e-05,3.16e-05,9.999999999999565e-08,3906643.78
ont-eth,ont,eth,binance,0.001044,0.001046,0.001042,4.000000000000097e-06,106644.58
storm-BTC,storm,BTC,binance,3.5e-07,0.0,0.0,0.0,3462.0
storm-eth,storm,eth,binance,1.398e-05,0.0,0.0,0.0,4134.0
qtum-usd,qtum,usd,binance,2.682,2.682,2.681,0.0009999999999998899,2825874.744
xem-BTC,xem,BTC,binance,1.024e-05,1.024e-05,1.02e-05,3.999999999999962e-08,51818084.0
xem-eth,xem,eth,binance,0.00033688,0.00033688,0.00033484,2.040000000000028e-06,4430427.0
wan-BTC,wan,BTC,binance,2.139e-05,2.14e-05,2.133e-05,6.999999999999764e-08,1210662.0
wan-eth,wan,eth,binance,0.000704,0.000705,0.000702,2.9999999999999645e-06,232235.56
wpr-BTC,wpr,BTC,binance,4.6e-07,4.7e-07,4.6e-07,1.000000000000001e-08,6307864.0
wpr-eth,wpr,eth,binance,4.02e-05,0.0,0.0,0.0,73.0
qlc-BTC,qlc,BTC,binance,1.04e-06,1.05e-06,1.04e-06,9.999999999999904e-09,10053825.0
qlc-eth,qlc,eth,binance,3.452e-05,3.472e-05,3.42e-05,5.200000000000018e-07,1060614.0
sys-BTC,sys,BTC,binance,5.24e-06,5.24e-06,5.23e-06,9.999999999999904e-09,33358454.0
sys-eth,sys,eth,binance,0.00011047,0.0,0.0,0.0,3280.0
grs-BTC,grs,BTC,binance,1.19e-05,1.19e-05,1.182e-05,7.999999999999923e-08,460480.0
grs-eth,grs,eth,binance,0.00076455,0.0,0.0,0.0,362.0
ada-usd,ada,usd,binance,0.16281,0.16275,0.16266,9.000000000000674e-05,1079896476.3
cloak-BTC,cloak,BTC,binance,0.0001555,0.0,0.0,0.0,1.32
cloak-eth,cloak,eth,binance,0.004142,0.0,0.0,0.0,7.91
gnt-BTC,gnt,BTC,binance,6.62e-06,6.63e-06,6.61e-06,1.999999999999981e-08,4618282.0
gnt-eth,gnt,eth,binance,0.00021926,0.00021924,0.00021729,1.949999999999993e-06,1183390.0
loom-BTC,loom,BTC,binance,1.53e-06,1.54e-06,1.53e-06,1.0000000000000116e-08,16134051.0
loom-eth,loom,eth,binance,5.057e-05,5.057e-05,5.026e-05,3.0999999999999534e-07,2076583.0
xrp-usd,xrp,usd,binance,0.62062,0.62052,0.62051,9.99999999995449e-06,1269613287.0
bcn-BTC,bcn,BTC,binance,2.2e-07,0.0,0.0,0.0,51224.0
bcn-eth,bcn,eth,binance,7.07e-06,0.0,7e-06,-7e-06,51224.0
rep-BTC,rep,BTC,binance,0.000862,0.000863,0.000861,2.0000000000000486e-06,16489.595
rep-eth,rep,eth,binance,0.02856,0.02853,0.02833,0.0001999999999999988,1827.029
tusd-BTC,tusd,BTC,binance,0.00025971,0.0,0.0,0.0,72.0
tusd-eth,tusd,eth,binance,0.00762097,0.0,0.0,0.0,11.0
zen-BTC,zen,BTC,binance,0.0008354,0.0008354,0.0008337,1.6999999999999871e-06,162156.76
zen-eth,zen,eth,binance,0.02746,0.02746,0.02742,3.999999999999837e-05,14677.758
sky-BTC,sky,BTC,binance,2.763e-05,2.764e-05,2.761e-05,2.999999999999802e-08,799033.0
sky-eth,sky,eth,binance,0.00222,0.0,0.0,0.0,1.541
eos-usd,eos,usd,binance,2.9601,2.9607,2.96,0.000700000000000145,19295791.33
cvc-BTC,cvc,BTC,binance,4.61e-06,4.61e-06,4.6e-06,9.999999999999904e-09,6586202.0
cvc-eth,cvc,eth,binance,0.00015134,0.00015217,0.00015087,1.3000000000000045e-06,355098.0
theta-BTC,theta,BTC,binance,3.504e-05,3.504e-05,3.5e-05,4.000000000000639e-08,1499481.0
theta-eth,theta,eth,binance,0.00115692,0.00115622,0.00114974,6.479999999999897e-06,153929.0
tusd-usd,tusd,usd,binance,0.9992,0.9992,0.9991,9.999999999998899e-05,7320535.49
iota-usd,iota,usd,binance,0.3359,0.3361,0.3357,0.00040000000000001146,21731887.16
xlm-usd,xlm,usd,binance,0.19597,0.19597,0.19587,0.00010000000000001674,1061531946.4
iotx-BTC,iotx,BTC,binance,4.3e-07,4.3e-07,4.2e-07,1.000000000000001e-08,8932073.0
iotx-eth,iotx,eth,binance,1.41e-05,1.411e-05,1.398e-05,1.3000000000000045e-07,1180037.0
qkc-BTC,qkc,BTC,binance,3e-07,3.1e-07,3e-07,1.000000000000001e-08,83487025.0
qkc-eth,qkc,eth,binance,9.92e-06,9.92e-06,9.85e-06,6.999999999999933e-08,7037729.0
agi-BTC,agi,BTC,binance,3.05e-06,3.04e-06,3.03e-06,1.0000000000000328e-08,3304742.0
agi-eth,agi,eth,binance,7.363e-05,0.0,0.0,0.0,924.0
nxs-BTC,nxs,BTC,binance,1.075e-05,1.079e-05,1.075e-05,3.999999999999962e-08,200264.0
nxs-eth,nxs,eth,binance,0.000773,0.0,0.0,0.0,718.8
data-BTC,data,BTC,binance,2.32e-06,2.32e-06,2.31e-06,9.999999999999904e-09,5009958.0
data-eth,data,eth,binance,7.637e-05,7.671e-05,7.623e-05,4.80000000000009e-07,1353742.0
ont-usd,ont,usd,binance,0.5602,0.5605,0.5599,0.0006000000000000449,16257186.77
trx-usd,trx,usd,binance,0.03037,0.03037,0.03036,9.999999999999593e-06,1523403067.8
etc-usd,etc,usd,binance,6.2823,6.2828,6.2799,0.0029000000000003467,3167057.94
icx-usd,icx,usd,binance,0.4049,0.4049,0.4044,0.0005000000000000004,6086290.15
sc-BTC,sc,BTC,binance,1.9e-07,1.9e-07,1.8e-07,1.000000000000001e-08,289048580.0
sc-eth,sc,eth,binance,6.06e-06,6.06e-06,6.01e-06,4.999999999999952e-08,58208655.0
npxs-BTC,npxs,BTC,binance,3e-08,0.0,0.0,0.0,50000.0
npxs-eth,npxs,eth,binance,3.4e-07,3.4e-07,3.3e-07,9.999999999999957e-09,336322419.0
ven-usd,ven,usd,binance,0.0001,0.0,0.0,0.0,1224.0
key-BTC,key,BTC,binance,1.3e-07,0.0,0.0,0.0,43297.0
key-eth,key,eth,binance,4.73e-06,4.71e-06,4.69e-06,1.999999999999981e-08,30477577.0
nas-BTC,nas,BTC,binance,1.77e-05,1.77e-05,1.76e-05,9.999999999999904e-08,651009.23
nas-eth,nas,eth,binance,0.000582,0.000584,0.00058,3.999999999999989e-06,442616.22
mft-BTC,mft,BTC,binance,8e-08,0.0,0.0,0.0,2622751.0
mft-eth,mft,eth,binance,4.2e-06,4.21e-06,4.19e-06,2.0000000000000656e-08,28407971.0
dent-BTC,dent,BTC,binance,4e-08,0.0,0.0,0.0,18753.0
dent-eth,dent,eth,binance,3.9e-07,3.9e-07,3.8e-07,1.000000000000001e-08,494632359.0
ardr-BTC,ardr,BTC,binance,3.87e-06,3.87e-06,3.86e-06,9.999999999999904e-09,4544474.0
ardr-eth,ardr,eth,binance,0.0001887,0.0,0.0,0.0,121.0
nuls-usd,nuls,usd,binance,0.2599,0.2599,0.2585,0.0014000000000000123,543575.26
hot-BTC,hot,BTC,binance,4e-08,4e-08,3e-08,1.0000000000000004e-08,76127281.0
hot-eth,hot,eth,binance,1.08e-06,1.09e-06,1.08e-06,9.999999999999904e-09,159727618.0
vet-BTC,vet,BTC,binance,8.6e-07,8.7e-07,8.6e-07,1.000000000000001e-08,466116595.0
vet-eth,vet,eth,binance,2.86e-05,2.857e-05,2.848e-05,9.000000000000083e-08,52618819.0
vet-usd,vet,usd,binance,0.015308,0.015308,0.015292,1.600000000000039e-05,1674918552.0
dock-BTC,dock,BTC,binance,6.5e-07,6.6e-07,6.5e-07,1.000000000000001e-08,34971240.0
dock-eth,dock,eth,binance,3.283e-05,0.0,0.0,0.0,115.0
poly-BTC,poly,BTC,binance,3.79e-06,3.8e-06,3.79e-06,9.999999999999904e-09,3100754.0
phx-BTC,phx,BTC,binance,1.8e-06,0.0,0.0,0.0,16529.0
phx-eth,phx,eth,binance,5.617e-05,0.0,0.0,0.0,948.0
hc-BTC,hc,BTC,binance,5.21e-05,5.25e-05,5.21e-05,4.0000000000000295e-07,78660.42
hc-eth,hc,eth,binance,0.005134,0.0,0.0,0.0,25.6
go-BTC,go,BTC,binance,4.4e-07,4.4e-07,4.3e-07,1.000000000000001e-08,19492151.0
pax-BTC,pax,BTC,binance,0.00025175,0.0,0.0,0.0,59.0
pax-usd,pax,usd,binance,0.9992,0.9993,0.9991,0.00019999999999997797,7507769.98
pax-eth,pax,eth,binance,0.00888047,0.0,0.0,0.0,2.0
rvn-BTC,rvn,BTC,binance,8e-07,8.1e-07,8e-07,1.000000000000001e-08,59629902.0
dcr-BTC,dcr,BTC,binance,0.001228,0.001229,0.001228,1.0000000000001327e-06,37865.226
mith-BTC,mith,BTC,binance,3.4e-07,3.4e-07,3.3e-07,9.999999999999957e-09,9148537.0
bchabc-BTC,bchabc,BTC,binance,0.02933,0.0,0.0,0.0,1.471
bchsv-BTC,bchsv,BTC,binance,0.011179,0.0,0.0,0.0,0.18
bchabc-usd,bchabc,usd,binance,220.08,0.0,0.0,0.0,0.07732
bchsv-usd,bchsv,usd,binance,58.9,0.0,0.0,0.0,1.1
ren-BTC,ren,BTC,binance,1.774e-05,1.774e-05,1.771e-05,2.999999999999802e-08,3771632.0
usdc-usd,usdc,usd,binance,0.9992,0.9992,0.9991,9.999999999998899e-05,32494952.88
link-usd,link,usd,binance,13.0946,13.0964,13.09,0.006399999999999295,7307785.13
waves-usd,waves,usd,binance,6.5387,6.5474,6.5381,0.009299999999999642,1711091.08
btt-BTC,btt,BTC,binance,5e-08,0.0,0.0,0.0,100000.0
btt-usd,btt,usd,binance,0.000319,0.000319,0.0003187,3.000000000000073e-07,9582952864.0
usds-usd,usds,usd,binance,0.9968,0.0,0.0,0.0,10.11
ong-BTC,ong,BTC,binance,1.637e-05,1.64e-05,1.637e-05,2.999999999999802e-08,27843097.0
ong-usd,ong,usd,binance,0.2895,0.2908,0.2893,0.0015000000000000013,45690901.11
hot-usd,hot,usd,binance,0.0005808,0.0005808,0.0005805,3.000000000000615e-07,925339561.0
zil-usd,zil,usd,binance,0.02668,0.02671,0.02668,3.0000000000002247e-05,472371258.9
zrx-usd,zrx,usd,binance,0.4134,0.4133,0.4129,0.00040000000000001146,7537682.34
fet-BTC,fet,BTC,binance,2.9e-06,2.91e-06,2.9e-06,9.999999999999904e-09,16598156.0
fet-usd,fet,usd,binance,0.05133,0.05136,0.05128,8.000000000000368e-05,30674168.7
bat-usd,bat,usd,binance,0.2285,0.2288,0.2285,0.0002999999999999947,18229474.96
xmr-usd,xmr,usd,binance,120.65,120.68,120.65,0.030000000000001137,86401.35135
zec-usd,zec,usd,binance,74.65,74.72,74.65,0.06999999999999318,313976.26658
iost-usd,iost,usd,binance,0.005858,0.005867,0.005858,8.99999999999946e-06,625253705.0
celr-BTC,celr,BTC,binance,3.3e-07,3.3e-07,3.2e-07,1.000000000000001e-08,124740331.0
celr-usd,celr,usd,binance,0.00578,0.00578,0.00576,2.0000000000000052e-05,93201698.0
dash-usd,dash,usd,binance,108.66,108.67,108.57,0.10000000000000853,394599.36615
nano-usd,nano,usd,binance,1.1589,1.1594,1.1557,0.0037000000000000366,1700553.96
omg-usd,omg,usd,binance,3.7479,3.7479,3.7456,0.0022999999999999687,4117054.1
theta-usd,theta,usd,binance,0.61963,0.61977,0.61943,0.00034000000000000696,4700733.6
enj-usd,enj,usd,binance,0.14427,0.1443,0.14412,0.00018000000000001348,10935879.8
mith-usd,mith,usd,binance,0.00594,0.00596,0.00591,4.99999999999997e-05,24664398.0
matic-BTC,matic,BTC,binance,1.05e-06,1.06e-06,1.05e-06,1.0000000000000116e-08,65923487.0
matic-usd,matic,usd,binance,0.01861,0.01861,0.01858,3.0000000000002247e-05,121260311.0
atom-BTC,atom,BTC,binance,0.0003059,0.0003059,0.0003057,2.0000000000000486e-07,460690.89
atom-usd,atom,usd,binance,5.412,5.412,5.405,0.006999999999999673,1369809.992
phb-BTC,phb,BTC,binance,1.6e-07,1.7e-07,1.6e-07,9.999999999999984e-09,24662339.0
tfuel-BTC,tfuel,BTC,binance,5.5e-07,5.5e-07,5.3e-07,2.000000000000002e-08,97157292.0
tfuel-usd,tfuel,usd,binance,0.009573,0.009573,0.009556,1.6999999999999654e-05,106617620.0
one-BTC,one,BTC,binance,3e-07,3.1e-07,3e-07,1.000000000000001e-08,195628626.0
one-usd,one,usd,binance,0.00532,0.00533,0.00532,9.999999999999593e-06,243894699.5
ftm-BTC,ftm,BTC,binance,1.09e-06,1.1e-06,1.09e-06,1.0000000000000116e-08,75462781.0
ftm-usd,ftm,usd,binance,0.01927,0.01929,0.01926,3.0000000000002247e-05,125741592.2
-BTC,,BTC,binance,1.0,0.0,0.0,0.0,0.005
algo-BTC,algo,BTC,binance,1.756e-05,1.757e-05,1.755e-05,1.999999999999981e-08,5859473.0
algo-usd,algo,usd,binance,0.3104,0.3106,0.3104,0.00019999999999997797,20401904.57
usdsb-usd,usdsb,usd,binance,0.9997,0.0,0.0,0.0,6.1
gto-usd,gto,usd,binance,0.00691,0.00691,0.00689,2.0000000000000052e-05,11731385.6
erd-BTC,erd,BTC,binance,1.68e-06,0.0,0.0,0.0,4000.0
erd-usd,erd,usd,binance,0.01971,0.0,0.0,0.0,222295.0
doge-BTC,doge,BTC,binance,1.9e-07,2e-07,1.9e-07,9.999999999999984e-09,107077539.0
doge-usd,doge,usd,binance,0.0033781,0.0033839,0.003379,4.8999999999999565e-06,713750789.0
dusk-BTC,dusk,BTC,binance,2.8e-06,2.81e-06,2.79e-06,2.0000000000000232e-08,4152482.0
dusk-usd,dusk,usd,binance,0.0494,0.0496,0.0493,0.00030000000000000165,6288895.55
ankr-BTC,ankr,BTC,binance,5.4e-07,5.4e-07,5.3e-07,1.000000000000001e-08,233045486.0
ankr-usd,ankr,usd,binance,0.009481,0.009472,0.009441,3.099999999999978e-05,347109196.0
win-BTC,win,BTC,binance,1e-08,0.0,0.0,0.0,5377.0
win-usd,win,usd,binance,8.207e-05,8.221e-05,8.19e-05,3.100000000000021e-07,6567267938.0
cos-BTC,cos,BTC,binance,3.6e-07,3.6e-07,3.5e-07,1.000000000000001e-08,28600338.0
cos-usd,cos,usd,binance,0.00634,0.00633,0.00631,2.0000000000000052e-05,16259796.2
npxs-usd,npxs,usd,binance,0.0001783,0.0001785,0.0001774,1.0999999999999996e-06,681104061.0
cocos-BTC,cocos,BTC,binance,3e-08,0.0,0.0,0.0,93759.0
cocos-usd,cocos,usd,binance,0.000292,0.000293,0.000292,1.0000000000000243e-06,461296035.0
mtl-usd,mtl,usd,binance,0.3421,0.343,0.341,0.0020000000000000018,392247.35
tomo-BTC,tomo,BTC,binance,3.632e-05,3.633e-05,3.626e-05,6.999999999999764e-08,825938.0
tomo-usd,tomo,usd,binance,0.6415,0.6422,0.6411,0.0010999999999999899,2807427.77
perl-BTC,perl,BTC,binance,1.16e-06,1.16e-06,1.15e-06,9.999999999999904e-09,11575785.0
perl-usd,perl,usd,binance,0.02033,0.02039,0.02031,7.999999999999674e-05,16057605.3
dent-usd,dent,usd,binance,0.0002083,0.0002098,0.0002082,1.6000000000000118e-06,470821327.0
mft-usd,mft,usd,binance,0.002255,0.002256,0.002254,2.0000000000002655e-06,122524517.0
key-usd,key,usd,binance,0.002524,0.002524,0.002522,2.0000000000002655e-06,163445007.0
storm-usd,storm,usd,binance,0.003397,0.0,0.0,0.0,36118.0
dock-usd,dock,usd,binance,0.01162,0.011663,0.01162,4.2999999999999636e-05,12315851.0
wan-usd,wan,usd,binance,0.3774,0.3779,0.3768,0.0010999999999999899,1358677.99
fun-usd,fun,usd,binance,0.003999,0.004006,0.003973,3.300000000000004e-05,41999943.0
cvc-usd,cvc,usd,binance,0.08148,0.08148,0.08124,0.00023999999999999022,23351815.4
chz-BTC,chz,BTC,binance,6.7e-07,6.7e-07,6.6e-07,1.000000000000001e-08,38360746.0
chz-usd,chz,usd,binance,0.01175,0.01175,0.011729,2.1000000000000185e-05,53180166.0
band-BTC,band,BTC,binance,0.00033157,0.0003313,0.00033099,3.100000000000021e-07,210332.7
band-usd,band,usd,binance,5.8572,5.8571,5.8542,0.0029000000000003467,931784.37
busd-usd,busd,usd,binance,0.9992,0.9993,0.9992,9.999999999998899e-05,141809926.01
beam-BTC,beam,BTC,binance,1.56e-05,1.58e-05,1.56e-05,2.0000000000000147e-07,850481.2
beam-usd,beam,usd,binance,0.2774,0.2778,0.2773,0.0005000000000000004,1087585.75
xtz-BTC,xtz,BTC,binance,0.0001307,0.0001307,0.0001305,2.0000000000000486e-07,1536043.6
xtz-usd,xtz,usd,binance,2.3115,2.3114,2.3093,0.0020999999999999908,6032889.96
ren-usd,ren,usd,binance,0.31366,0.31401,0.31357,0.00043999999999999595,8844082.9
rvn-usd,rvn,usd,binance,0.01418,0.01418,0.01416,1.9999999999999185e-05,56095568.6
hc-usd,hc,usd,binance,0.8423,0.0,0.0,0.0,210777.67
hbar-BTC,hbar,BTC,binance,1.92e-06,1.91e-06,1.9e-06,9.999999999999904e-09,10191834.0
hbar-usd,hbar,usd,binance,0.03373,0.03373,0.03366,7.000000000000062e-05,18607898.0
nkn-BTC,nkn,BTC,binance,1.17e-06,1.18e-06,1.17e-06,9.999999999999904e-09,3899194.0
nkn-usd,nkn,usd,binance,0.0207,0.02073,0.02069,3.999999999999837e-05,2609507.9
stx-BTC,stx,BTC,binance,1.329e-05,1.329e-05,1.325e-05,3.999999999999962e-08,1732168.0
stx-usd,stx,usd,binance,0.2349,0.2349,0.2339,0.0010000000000000009,2286909.2
kava-BTC,kava,BTC,binance,9.168e-05,9.168e-05,9.141e-05,2.7000000000000927e-07,342235.0
kava-usd,kava,usd,binance,1.6197,1.6204,1.6175,0.0029000000000001247,1667504.98
arpa-BTC,arpa,BTC,binance,1.21e-06,1.21e-06,1.2e-06,1.0000000000000116e-08,15964331.0
arpa-usd,arpa,usd,binance,0.02125,0.02125,0.02122,3.0000000000002247e-05,57722747.3
iotx-usd,iotx,usd,binance,0.007527,0.007534,0.007523,1.0999999999999725e-05,13407474.0
rlc-usd,rlc,usd,binance,0.9821,0.9828,0.981,0.0018000000000000238,885441.19
mco-usd,mco,usd,binance,2.744,0.0,0.0,0.0,4.0
ctxc-BTC,ctxc,BTC,binance,4.77e-06,4.78e-06,4.76e-06,1.999999999999981e-08,798307.0
ctxc-usd,ctxc,usd,binance,0.0843,0.0845,0.0842,0.0003000000000000086,633925.22
bch-BTC,bch,BTC,binance,0.01556,0.01556,0.015555,4.999999999999796e-06,62319.308
bch-usd,bch,usd,binance,275.05,275.16,275.05,0.11000000000001364,272657.70357
troy-BTC,troy,BTC,binance,1.7e-07,1.7e-07,1.6e-07,9.999999999999984e-09,20384390.0
troy-usd,troy,usd,binance,0.0028974,0.0028942,0.0028851,9.100000000000167e-06,33143785.0
vite-BTC,vite,BTC,binance,9.1e-07,9.1e-07,9e-07,1.000000000000001e-08,12286456.0
vite-usd,vite,usd,binance,0.01592,0.01594,0.01591,2.9999999999998778e-05,14067618.9
ftt-BTC,ftt,BTC,binance,0.0002317,0.0002318,0.0002315,3.000000000000073e-07,109423.03
ftt-usd,ftt,usd,binance,4.098,4.099,4.094,0.004999999999999893,282558.947
eur-usd,eur,usd,binance,1.1902,1.1904,1.1902,0.00019999999999997797,10791744.65
ogn-BTC,ogn,BTC,binance,8.52e-06,8.55e-06,8.52e-06,2.999999999999971e-08,1556806.0
ogn-usd,ogn,usd,binance,0.1509,0.1515,0.1509,0.0005999999999999894,3384641.72
drep-BTC,drep,BTC,binance,1.8e-07,1.8e-07,1.7e-07,1.000000000000001e-08,9236421.0
drep-usd,drep,usd,binance,0.003029,0.003028,0.003011,1.7000000000000088e-05,21573336.0
bull-usd,bull,usd,binance,1370.28,0.0,0.0,0.0,0.274625
bear-usd,bear,usd,binance,11.16,0.0,0.0,0.0,10.0
ethbull-usd,ethbull,usd,binance,79.18,0.0,0.0,0.0,5.998694
ethbear-usd,ethbear,usd,binance,12.2,0.0,0.0,0.0,12.9442
tct-BTC,tct,BTC,binance,4.5e-07,4.5e-07,4.4e-07,9.999999999999957e-09,10278477.0
tct-usd,tct,usd,binance,0.007761,0.007843,0.007774,6.899999999999962e-05,9349464.0
wrx-BTC,wrx,BTC,binance,4.42e-06,4.42e-06,4.41e-06,9.999999999999904e-09,1780486.0
wrx-usd,wrx,usd,binance,0.07818,0.07816,0.07802,0.00013999999999998736,4413752.9
bts-usd,bts,usd,binance,0.02367,0.02377,0.02367,9.99999999999994e-05,8445725.6
lsk-usd,lsk,usd,binance,1.273,1.2747,1.2686,0.006099999999999994,284851.1
bnt-usd,bnt,usd,binance,0.9792,0.98,0.9792,0.0008000000000000229,460222.63
lto-BTC,lto,BTC,binance,8.19e-06,8.2e-06,8.18e-06,1.999999999999981e-08,37284729.0
lto-usd,lto,usd,binance,0.14555,0.14555,0.14499,0.0005600000000000049,13496493.7
eosbull-usd,eosbull,usd,binance,3.85,0.0,0.0,0.0,37.61246
eosbear-usd,eosbear,usd,binance,30.21,0.0,0.0,0.0,5.0
xrpbull-usd,xrpbull,usd,binance,8.74,0.0,0.0,0.0,35.05238
xrpbear-usd,xrpbear,usd,binance,548.55,0.0,0.0,0.0,0.03524
strat-usd,strat,usd,binance,0.4904,0.0,0.0,0.0,1267279.89
aion-usd,aion,usd,binance,0.0754,0.0753,0.0749,0.00040000000000001146,4195860.69
mbl-BTC,mbl,BTC,binance,9e-08,9e-08,8e-08,9.999999999999997e-09,9662423.0
mbl-usd,mbl,usd,binance,0.001493,0.001493,0.001484,8.999999999999894e-06,42842535.0
coti-BTC,coti,BTC,binance,2.6e-06,2.6e-06,2.59e-06,9.999999999999904e-09,28193327.0
coti-usd,coti,usd,binance,0.04595,0.04595,0.04592,2.9999999999995308e-05,38347077.9
bnbbull-usd,bnbbull,usd,binance,57.21,0.0,0.0,0.0,3.77638
bnbbear-usd,bnbbear,usd,binance,58.61,0.0,0.0,0.0,11.77625
stpt-BTC,stpt,BTC,binance,8.5e-07,8.6e-07,8.4e-07,2.000000000000002e-08,2863569.0
stpt-usd,stpt,usd,binance,0.01507,0.01514,0.01503,0.00011000000000000072,6367817.2
wtc-usd,wtc,usd,binance,0.3643,0.3648,0.3627,0.0020999999999999908,1030405.24
data-usd,data,usd,binance,0.04122,0.04104,0.04082,0.00021999999999999797,3561183.5
xzc-usd,xzc,usd,binance,4.379,4.392,4.379,0.013000000000000789,596904.542
sol-BTC,sol,BTC,binance,0.00010634,0.00010665,0.00010649,1.5999999999999847e-07,492557.0
sol-usd,sol,usd,binance,1.8843,1.8863,1.8836,0.0027000000000001467,1388088.63
ctsi-BTC,ctsi,BTC,binance,2.43e-06,2.44e-06,2.42e-06,1.999999999999981e-08,5522724.0
ctsi-usd,ctsi,usd,binance,0.0428,0.04313,0.04286,0.0002699999999999994,5394001.0
hive-BTC,hive,BTC,binance,6.91e-06,6.93e-06,6.91e-06,1.999999999999981e-08,709275.0
hive-usd,hive,usd,binance,0.1221,0.1226,0.1221,0.0005000000000000004,1132117.6
chr-BTC,chr,BTC,binance,1.49e-06,1.49e-06,1.48e-06,9.999999999999904e-09,11725568.0
chr-usd,chr,usd,binance,0.02624,0.02626,0.02623,2.9999999999998778e-05,13289312.3
btcup-usd,btcup,usd,binance,24.647,24.696,24.572,0.12400000000000233,146120.03
btcdown-usd,btcdown,usd,binance,1.824,1.824,1.82,0.0040000000000000036,2117150.13
gxs-usd,gxs,usd,binance,0.3865,0.3875,0.3856,0.0019000000000000128,265937.63
ardr-usd,ardr,usd,binance,0.06836,0.0685,0.06836,0.00014000000000000123,4485265.0
lend-usd,lend,usd,binance,0.51431,0.0,0.0,0.0,262.8
mdt-BTC,mdt,BTC,binance,9.6e-07,9.6e-07,9.5e-07,9.999999999999904e-09,2612514.0
mdt-usd,mdt,usd,binance,0.01684,0.01698,0.01686,0.00011999999999999858,1719570.0
stmx-BTC,stmx,BTC,binance,1.4e-07,1.4e-07,1.3e-07,1.000000000000001e-08,6626683.0
stmx-eth,stmx,eth,binance,4.35e-06,4.36e-06,4.34e-06,1.999999999999981e-08,44056389.0
stmx-usd,stmx,usd,binance,0.002333,0.002336,0.002327,8.999999999999894e-06,94226718.0
knc-usd,knc,usd,binance,1.014,1.015,1.013,0.0020000000000000018,2061270.201
rep-usd,rep,usd,binance,15.276,15.279,15.201,0.0779999999999994,15224.337
lrc-usd,lrc,usd,binance,0.19,0.19026,0.18979,0.00047000000000002595,10372297.8
pnt-BTC,pnt,BTC,binance,2.063e-05,2.063e-05,2.052e-05,1.1000000000000064e-07,365220.0
pnt-usd,pnt,usd,binance,0.3624,0.3639,0.3622,0.0016999999999999793,969902.55
dgb-BTC,dgb,BTC,binance,1.28e-06,1.29e-06,1.28e-06,9.999999999999904e-09,38466872.0
comp-BTC,comp,BTC,binance,0.006079,0.006072,0.006064,8.000000000000194e-06,4347.166
comp-usd,comp,usd,binance,107.27,107.4,107.29,0.10999999999999943,28782.42217
bkrw-usd,bkrw,usd,binance,0.0008453,0.0,0.0,0.0,94129.0
sc-usd,sc,usd,binance,0.00322,0.003264,0.00324,2.400000000000015e-05,222006304.0
zen-usd,zen,usd,binance,14.778,14.778,14.715,0.06300000000000061,565487.79
sxp-BTC,sxp,BTC,binance,5.421e-05,5.418e-05,5.407e-05,1.0999999999999725e-07,3999401.0
snx-BTC,snx,BTC,binance,0.0002402,0.0002402,0.00024,2.0000000000000486e-07,229009.43
snx-usd,snx,usd,binance,4.243,4.248,4.243,0.004999999999999893,840129.739
ethup-usd,ethup,usd,binance,29.534,29.627,29.54,0.08699999999999974,142732.99
ethdown-usd,ethdown,usd,binance,0.475,0.476,0.474,0.0020000000000000018,4489760.64
adaup-usd,adaup,usd,binance,7.142,7.214,7.144,0.07000000000000028,556671.99
adadown-usd,adadown,usd,binance,1.211,1.214,1.211,0.0029999999999998916,2534161.17
linkup-usd,linkup,usd,binance,10.759,10.783,10.757,0.0259999999999998,275449.99
linkdown-usd,linkdown,usd,binance,0.1122,0.1124,0.112,0.0003999999999999976,60324350.99
vtho-usd,vtho,usd,binance,0.000807,0.000807,0.000804,2.9999999999999645e-06,351739852.0
dgb-usd,dgb,usd,binance,0.02267,0.0227,0.02267,3.0000000000002247e-05,36100697.4
gbp-usd,gbp,usd,binance,1.3223,1.3225,1.3222,0.00029999999999996696,1815570.52
sxp-usd,sxp,usd,binance,0.958,0.958,0.957,0.0010000000000000009,21764276.362
iris-BTC,iris,BTC,binance,3.39e-06,3.39e-06,3.37e-06,2.0000000000000232e-08,3338885.0
mkr-BTC,mkr,BTC,binance,0.029878,0.029928,0.029878,5.000000000000143e-05,348.489
mkr-usd,mkr,usd,binance,528.25,529.05,528.29,0.7599999999999909,2877.10735
dai-BTC,dai,BTC,binance,8.966e-05,0.0,0.0,0.0,167.0
dai-usd,dai,usd,binance,1.0189,0.0,0.0,0.0,167.0
rune-BTC,rune,BTC,binance,4.488e-05,4.502e-05,4.491e-05,1.0999999999999725e-07,1149894.0
dcr-usd,dcr,usd,binance,21.651,21.731,21.67,0.06099999999999994,19057.344
storj-usd,storj,usd,binance,0.3396,0.3405,0.3394,0.0011000000000000454,2301706.48
fio-BTC,fio,BTC,binance,4.68e-06,4.69e-06,4.68e-06,9.999999999999904e-09,1981631.0
bnbup-usd,bnbup,usd,binance,17.336,17.424,17.253,0.17099999999999937,19478.07
bnbdown-usd,bnbdown,usd,binance,1.271,1.256,1.25,0.006000000000000005,120471.8
xtzup-usd,xtzup,usd,binance,2.524,2.523,2.52,0.0030000000000001137,373656.05
xtzdown-usd,xtzdown,usd,binance,3.833,3.847,3.819,0.028000000000000025,61003.53
ava-BTC,ava,BTC,binance,4.99e-05,5.02e-05,5e-05,1.9999999999999809e-07,383044.01
mana-usd,mana,usd,binance,0.08287,0.08301,0.0828,0.00021000000000000185,13004089.3
aud-usd,aud,usd,binance,0.73204,0.73319,0.73183,0.0013600000000000279,529859.3
bal-BTC,bal,BTC,binance,0.0007492,0.0007493,0.0007474,1.9000000000001004e-06,121712.29
yfi-BTC,yfi,BTC,binance,1.31246,1.31441,1.31253,0.0018800000000001038,523.0604
yfi-usd,yfi,usd,binance,23233.97,23242.73,23214.02,28.709999999999127,2226.54419
bal-usd,bal,usd,binance,13.24,13.247,13.228,0.019000000000000128,274126.396
blz-usd,blz,usd,binance,0.07288,0.07288,0.07278,0.00010000000000000286,7864501.4
iris-usd,iris,usd,binance,0.05971,0.05988,0.05971,0.00017000000000000348,3319100.3
kmd-usd,kmd,usd,binance,0.5845,0.5856,0.5845,0.0010999999999999899,999544.28
jst-BTC,jst,BTC,binance,1.24e-06,1.24e-06,1.23e-06,9.999999999999904e-09,5557780.0
jst-usd,jst,usd,binance,0.02179,0.02179,0.02177,1.9999999999999185e-05,36220708.0
srm-BTC,srm,BTC,binance,5.722e-05,5.72e-05,5.707e-05,1.3000000000000045e-07,161991.0
srm-usd,srm,usd,binance,1.0095,1.0105,1.0091,0.0013999999999998458,1465071.75
ant-BTC,ant,BTC,binance,0.000183,0.0001828,0.0001827,1.0000000000000243e-07,212693.7
ant-usd,ant,usd,binance,3.2306,3.2316,3.2263,0.005299999999999638,546604.97
crv-BTC,crv,BTC,binance,3.42e-05,3.43e-05,3.42e-05,1.0000000000000243e-07,3861587.71
crv-usd,crv,usd,binance,0.606,0.606,0.604,0.0020000000000000018,16431132.104
sand-BTC,sand,BTC,binance,2.52e-06,2.52e-06,2.51e-06,9.999999999999904e-09,17216911.0
sand-usd,sand,usd,binance,0.044576,0.044574,0.044475,9.900000000000186e-05,40827206.0
ocean-BTC,ocean,BTC,binance,2.502e-05,2.503e-05,2.5e-05,2.999999999999802e-08,3133685.0
ocean-usd,ocean,usd,binance,0.4427,0.4427,0.4422,0.0005000000000000004,7532396.35
nmr-BTC,nmr,BTC,binance,0.002097,0.002107,0.002097,1.0000000000000026e-05,96905.044
nmr-usd,nmr,usd,binance,37.093,37.164,37.072,0.09199999999999875,199771.915
dot-BTC,dot,BTC,binance,0.00027469,0.00027476,0.00027466,1.0000000000000243e-07,943993.4
dot-usd,dot,usd,binance,4.8617,4.8611,4.8575,0.0036000000000004917,4991645.37
luna-BTC,luna,BTC,binance,2.175e-05,2.178e-05,2.175e-05,3.000000000000141e-08,691295.0
luna-usd,luna,usd,binance,0.3846,0.3848,0.3844,0.00039999999999995595,1144008.03
idex-BTC,idex,BTC,binance,2.17e-06,2.17e-06,2.16e-06,9.999999999999904e-09,1985791.0
rsr-BTC,rsr,BTC,binance,1.09e-06,1.09e-06,1.08e-06,9.999999999999904e-09,91424752.0
rsr-usd,rsr,usd,binance,0.01917,0.01919,0.01913,5.9999999999997555e-05,308266346.9
paxg-BTC,paxg,BTC,binance,0.1018,0.10181,0.10173,7.999999999999674e-05,124.0216
paxg-usd,paxg,usd,binance,1803.59,1800.77,1799.37,1.400000000000091,237.429861
wnxm-BTC,wnxm,BTC,binance,0.001177,0.001178,0.001175,2.9999999999999645e-06,14388.765
wnxm-usd,wnxm,usd,binance,20.779,20.812,20.755,0.05700000000000216,41246.744
trb-BTC,trb,BTC,binance,0.001369,0.001371,0.001368,2.9999999999999645e-06,40157.406
trb-usd,trb,usd,binance,24.224,24.286,24.224,0.062000000000001165,149781.863
bzrx-BTC,bzrx,BTC,binance,1.213e-05,1.215e-05,1.211e-05,4.000000000000131e-08,2555136.0
bzrx-usd,bzrx,usd,binance,0.2145,0.2145,0.2142,0.0002999999999999947,9907137.06
w-BTC,w,BTC,binance,1.0,1.0,0.99909,0.0009099999999999664,79.2386
wbtc-eth,wbtc,eth,binance,32.8275,32.9902,32.8314,0.15879999999999939,15.4606
sushi-BTC,sushi,BTC,binance,7.78e-05,7.77e-05,7.75e-05,2.0000000000000486e-07,1729687.37
sushi-usd,sushi,usd,binance,1.372,1.373,1.372,0.0009999999999998899,10006476.293
yfii-BTC,yfii,BTC,binance,0.10176,0.10188,0.10156,0.00032000000000000084,993.7958
yfii-usd,yfii,usd,binance,1795.75,1800.55,1797.62,2.9300000000000637,8110.785475
ksm-BTC,ksm,BTC,binance,0.002557,0.002559,0.002552,7.000000000000062e-06,17963.748
ksm-usd,ksm,usd,binance,45.092,45.223,45.101,0.12199999999999989,83644.139
egld-BTC,egld,BTC,binance,0.000496,0.000496,0.000495,1.0000000000000243e-06,101140.337
egld-usd,egld,usd,binance,8.759,8.759,8.75,0.009000000000000341,361125.72
dia-BTC,dia,BTC,binance,9.28e-05,9.32e-05,9.28e-05,3.9999999999999617e-07,1561619.2
dia-usd,dia,usd,binance,1.638,1.643,1.638,0.0050000000000001155,3338431.802
rune-usd,rune,usd,binance,0.794,0.7972,0.794,0.0031999999999999806,3529384.0
fio-usd,fio,usd,binance,0.0828,0.0829,0.0826,0.0002999999999999947,1896776.04
uma-BTC,uma,BTC,binance,0.000458,0.000459,0.000458,9.9999999999997e-07,14170.815
uma-usd,uma,usd,binance,8.088,8.126,8.089,0.036999999999999034,21627.3
eosup-usd,eosup,usd,binance,7.011,7.003,6.982,0.020999999999999908,123906.6
eosdown-usd,eosdown,usd,binance,5.666,5.671,5.62,0.051000000000000156,28622.54
trxup-usd,trxup,usd,binance,4.314,4.326,4.309,0.01699999999999946,308642.33
trxdown-usd,trxdown,usd,binance,5.774,5.759,5.732,0.027000000000000135,26120.21
xrpup-usd,xrpup,usd,binance,34.448,34.402,34.293,0.10900000000000176,1358503.39
xrpdown-usd,xrpdown,usd,binance,0.257,0.258,0.257,0.0010000000000000009,101537710.88
dotup-usd,dotup,usd,binance,7.259,7.306,7.277,0.028999999999999915,302032.97
dotdown-usd,dotdown,usd,binance,3.072,3.096,3.08,0.016000000000000014,24014.04
bel-BTC,bel,BTC,binance,5.084e-05,5.086e-05,5.075e-05,1.0999999999999725e-07,1559630.0
bel-usd,bel,usd,binance,0.8989,0.8992,0.8981,0.0010999999999999899,1962723.66
wing-BTC,wing,BTC,binance,0.000556,0.000558,0.000555,2.9999999999999645e-06,73418.631
wing-usd,wing,usd,binance,9.83,9.83,9.816,0.013999999999999346,132197.682
ltcup-usd,ltcup,usd,binance,17.712,17.711,17.662,0.04899999999999949,227592.65
ltcdown-usd,ltcdown,usd,binance,1.35,1.352,1.348,0.0040000000000000036,2158612.32
uni-BTC,uni,BTC,binance,0.00019436,0.00019429,0.00019416,1.30000000000014e-07,641658.0
uni-usd,uni,usd,binance,3.4354,3.4362,3.4335,0.0026999999999999247,5753928.14
nbs-BTC,nbs,BTC,binance,3.4e-07,3.5e-07,3.3e-07,1.9999999999999967e-08,15702952.0
nbs-usd,nbs,usd,binance,0.00603,0.00603,0.00599,4.0000000000000105e-05,21806584.0
oxt-BTC,oxt,BTC,binance,1.685e-05,1.69e-05,1.685e-05,5.0000000000001215e-08,2101587.0
oxt-usd,oxt,usd,binance,0.2982,0.2984,0.2982,0.00019999999999997797,4799993.43
sun-BTC,sun,BTC,binance,0.000559,0.000561,0.000559,1.99999999999994e-06,13860.104
sun-usd,sun,usd,binance,9.906,9.906,9.889,0.017000000000001236,10570.981
avax-BTC,avax,BTC,binance,0.00020424,0.00020418,0.00020318,9.999999999999972e-07,20483.9
avax-usd,avax,usd,binance,3.6017,3.6053,3.5998,0.00550000000000006,256228.33
hnt-BTC,hnt,BTC,binance,7.7e-05,7.69e-05,7.66e-05,2.9999999999999374e-07,35211.82
hnt-usd,hnt,usd,binance,1.359,1.36,1.357,0.0030000000000001137,243262.369
flm-BTC,flm,BTC,binance,1.031e-05,1.037e-05,1.033e-05,4.000000000000131e-08,2047560.0
flm-usd,flm,usd,binance,0.1834,0.1835,0.183,0.0005000000000000004,9940499.75
scrt-BTC,scrt,BTC,binance,2.157e-05,2.157e-05,2.15e-05,6.999999999999764e-08,336162.0
scrt-eth,scrt,eth,binance,0.00071,0.00071,0.000706,3.999999999999989e-06,64388.48
uniup-usd,uniup,usd,binance,3.395,3.396,3.385,0.01100000000000012,1164898.5
unidown-usd,unidown,usd,binance,3.323,3.33,3.31,0.020000000000000018,53902.49
orn-BTC,orn,BTC,binance,0.0001389,0.000139,0.0001386,3.999999999999826e-07,306459.78
orn-usd,orn,usd,binance,2.4579,2.4625,2.4581,0.0043999999999999595,582415.84
utk-BTC,utk,BTC,binance,7.07e-06,7.06e-06,7.04e-06,1.999999999999981e-08,2442639.0
utk-usd,utk,usd,binance,0.1252,0.1249,0.1243,0.0006000000000000033,2165926.74
xvs-BTC,xvs,BTC,binance,0.0001892,0.0001892,0.0001889,2.999999999999802e-07,283610.74
xvs-usd,xvs,usd,binance,3.34,3.355,3.342,0.0129999999999999,844309.574
alpha-BTC,alpha,BTC,binance,1.249e-05,1.249e-05,1.246e-05,3.000000000000141e-08,12363197.0
alpha-usd,alpha,usd,binance,0.22067,0.22069,0.22021,0.0004800000000000082,43757695.7
vidt-BTC,vidt,BTC,binance,2.745e-05,2.763e-05,2.745e-05,1.8000000000000166e-07,632889.0
aave-BTC,aave,BTC,binance,0.003599,0.003599,0.003593,6.000000000000363e-06,36989.37
aave-eth,aave,eth,binance,0.11839,0.11839,0.11825,0.00014000000000000123,10847.714
aave-usd,aave,usd,binance,63.593,63.649,63.529,0.11999999999999744,175716.53
near-BTC,near,BTC,binance,5.74e-05,5.75e-05,5.74e-05,1.0000000000000243e-07,468628.42
near-usd,near,usd,binance,1.0163,1.0162,1.0152,0.0009999999999998899,4091694.77
sxpup-usd,sxpup,usd,binance,1.477,1.482,1.471,0.010999999999999899,3779748.73
sxpdown-usd,sxpdown,usd,binance,1.088,1.078,1.074,0.0040000000000000036,1893943.85
fil-BTC,fil,BTC,binance,0.0016896,0.001691,0.0016892,1.7999999999999353e-06,52010.4
fil-usd,fil,usd,binance,29.8973,29.8984,29.8973,0.0010999999999974364,396269.3
filup-usd,filup,usd,binance,13.579,13.6,13.471,0.12899999999999956,23834.18
fildown-usd,fildown,usd,binance,1.478,1.477,1.476,0.001000000000000112,101820.11
yfiup-usd,yfiup,usd,binance,23.529,23.606,23.482,0.12400000000000233,196668.94
yfidown-usd,yfidown,usd,binance,0.549,0.549,0.548,0.0010000000000000009,10598775.77
inj-BTC,inj,BTC,binance,6.494e-05,6.518e-05,6.499e-05,1.899999999999965e-07,417933.5
inj-usd,inj,usd,binance,1.1477,1.1544,1.1488,0.005600000000000049,1125775.77
aergo-BTC,aergo,BTC,binance,2.35e-06,2.36e-06,2.34e-06,1.999999999999981e-08,2051608.0
easy-eth,easy,eth,binance,0.012918,0.01298,0.012918,6.199999999999956e-05,163063.4
audio-BTC,audio,BTC,binance,7.34e-06,7.34e-06,7.3e-06,3.999999999999962e-08,8911692.0
audio-usd,audio,usd,binance,0.12974,0.12974,0.12908,0.0006599999999999939,15643607.1
ctk-BTC,ctk,BTC,binance,5.784e-05,5.794e-05,5.773e-05,2.0999999999999968e-07,158614.1
ctk-usd,ctk,usd,binance,1.0249,1.0271,1.0222,0.004899999999999904,1969417.23
bchup-usd,bchup,usd,binance,9.194,0.0,0.0,0.0,10694.64
bchdown-usd,bchdown,usd,binance,7.819,0.0,0.0,0.0,10890.81
bot-BTC,bot,BTC,binance,0.02513,0.02516,0.02513,2.9999999999998778e-05,1421.9616
akro-BTC,akro,BTC,binance,5e-07,5e-07,4.9e-07,1.000000000000001e-08,12786213.0
akro-usd,akro,usd,binance,0.008753,0.008832,0.008754,7.799999999999994e-05,32014090.0
axs-BTC,axs,BTC,binance,2.416e-05,2.416e-05,2.41e-05,5.999999999999943e-08,2796399.0
axs-usd,axs,usd,binance,0.42754,0.42751,0.42662,0.0008900000000000019,10383188.8
hard-BTC,hard,BTC,binance,2.897e-05,2.897e-05,2.887e-05,9.999999999999904e-08,2388223.2
hard-usd,hard,usd,binance,0.5109,0.511,0.5109,9.999999999998899e-05,8404061.55
ren-BTC,ren,BTC,binance,0.99982,0.99982,0.99723,0.0025900000000000922,1.9658
renbtc-eth,renbtc,eth,binance,32.9204,32.9156,32.3737,0.5418999999999983,0.0164
dnt-usd,dnt,usd,binance,0.05054,0.05054,0.05031,0.00023000000000000104,11672336.4
slp-eth,slp,eth,binance,5.133e-05,5.064e-05,4.994e-05,7.000000000000035e-07,1978176.0
cvp-eth,cvp,eth,binance,0.00508,0.00508,0.005042,3.800000000000071e-05,21948.06
strax-BTC,strax,BTC,binance,3.701e-05,3.708e-05,3.695e-05,1.3000000000000045e-07,2691378.7
strax-eth,strax,eth,binance,0.001223,0.001223,0.001214,8.999999999999894e-06,172469.19
strax-usd,strax,usd,binance,0.6511,0.6539,0.6511,0.0028000000000000247,3504002.31
for-BTC,for,BTC,binance,1.23e-06,1.25e-06,1.23e-06,2.000000000000002e-08,6921743.0
unfi-BTC,unfi,BTC,binance,0.00029183,0.00029182,0.00029085,9.699999999999856e-07,1781839.5
unfi-usd,unfi,usd,binance,5.158,5.1896,5.1571,0.03250000000000064,3777879.35
front-eth,front,eth,binance,0.0006967,0.0006958,0.0006954,4.000000000000097e-07,645322.0
rose-BTC,rose,BTC,binance,2.12e-06,2.12e-06,2.11e-06,9.999999999999904e-09,44146532.0
rose-usd,rose,usd,binance,0.03752,0.03753,0.03748,5.000000000000143e-05,127761486.9
ava-usd,ava,usd,binance,0.8834,0.8853,0.8842,0.0010999999999999899,224638.58
xem-usd,xem,usd,binance,0.1808,0.1807,0.1802,0.0005000000000000004,22028518.64
hegic-eth,hegic,eth,binance,0.000463,0.000463,0.0004595,3.4999999999999767e-06,278823.0
aaveup-usd,aaveup,usd,binance,13.36,13.48,13.354,0.12600000000000122,13549.37
aavedown-usd,aavedown,usd,binance,5.592,5.55,5.492,0.05799999999999983,7195.79
